,_fivetran_id,id,like_count,comment_count,video_photo_impressions,video_photo_reach,video_photo_saved,video_views,carousel_album_engagement,carousel_album_impressions,carousel_album_reach,carousel_album_saved,carousel_album_video_views,story_impressions,story_reach,reel_reach,reel_saved,video_photo_engagement,story_exits,story_replies,story_taps_back,story_taps_forward,reel_comments,reel_likes,reel_plays,reel_shares,reel_total_interactions,_fivetran_synced
0,Me78T3sOfC/b6T/C+zlUp8yVJ3o=,17843157746554590,2,0,30.0,29.0,0,,,,,,,,,,,2.0,,,,,,,,,,2022-08-08 10:43:09.798000+00:00
1,Aqp2iSQBXsjg7vqSuXz1w26zdkk=,17902933006433009,3,0,3.0,3.0,0,,,,,,,,,,,3.0,,,,,,,,,,2022-08-08 10:43:13.501000+00:00
2,u4OS04ur0QZJSFtwNF0T/uojMYU=,17912431931029947,0,0,15.0,13.0,0,,,,,,,,,,,0.0,,,,,,,,,,2022-08-08 10:43:04.438000+00:00
3,md9OWECE0KxajHQW88jpzEUAWjQ=,17872246723667741,4,0,14.0,14.0,0,12.0,,,,,,,,,,4.0,,,,,,,,,,2022-08-08 10:43:13.516000+00:00
4,NnZqqAZj7w29gvTWmf2N0jvpozU=,17914770457715057,1,0,13.0,12.0,0,4.0,,,,,,,,,,1.0,,,,,,,,,,2022-08-08 10:43:09.844000+00:00
5,eb5DXlc2++jpFfVi+ce2YQ9cpx8=,17853851230604744,0,0,0.0,0.0,0,,,,,,,,,,,0.0,,,,,,,,,,2022-08-08 10:43:18.290000+00:00
6,+rHBrjVdABxfHtAjN/VvvQ+HwlM=,17903929663862428,0,0,36.0,33.0,0,,,,,,,,,,,0.0,,,,,,,,,,2022-08-08 10:43:09.809000+00:00
7,LdMmWy4kVJKKjDeRJlkxDk7hNS4=,17976984847490315,2,0,22.0,22.0,0,,,,,,,,,,,2.0,,,,,,,,,,2022-08-08 10:43:04.465000+00:00
8,3qi6hdo4kBjF1gMvLa+nfEdoT8w=,17859349882879736,3,0,0.0,0.0,0,,,,,,,,,,,3.0,,,,,,,,,,2022-08-08 10:43:13.496000+00:00
9,vQQL2UcInLJ6gI0BZvqeCjNI+gk=,17853080156034296,0,0,3.0,3.0,0,,,,,,,,,,,0.0,,,,,,,,,,2022-08-08 10:43:13.515000+00:00
10,adWtQwG3SpAAh6WMeIq1G2A3bfA=,17935014334422751,1,0,33.0,28.0,0,,,,,,,,,,,1.0,,,,,,,,,,2022-08-08 10:43:09.834000+00:00
11,WLWquT2ecfi1iByxxU8Mytp6YaE=,18225062548073972,1,0,30.0,30.0,0,,,,,,,,,,,1.0,,,,,,,,,,2022-08-08 10:43:04.429000+00:00
12,QTc/D3Pz9sprA+wT+p77vR6Ujr0=,18137040670037882,1,0,0.0,0.0,0,,,,,,,,,,,1.0,,,,,,,,,,2022-08-08 10:43:13.516000+00:00
13,FBso15PbYCifRC7KmZcyBVNOMC0=,17862505048987007,0,0,10.0,8.0,0,,,,,,,,,,,0.0,,,,,,,,,,2022-08-08 10:43:13.503000+00:00
14,73t77SSkUxJxdZT3BHtdr17OWeM=,18076976437081181,0,0,0.0,0.0,0,,,,,,,,,,,0.0,,,,,,,,,,2022-08-08 10:43:18.284000+00:00
15,Wd4qinNw7PQKR3wxroP/CurSyh8=,17852406821358714,4,0,26.0,25.0,0,,,,,,,,,,,4.0,,,,,,,,,,2022-08-08 10:43:09.810000+00:00
16,Nf6JM/4Qfn83pI5BOPyDbcVKFrA=,17946846722096343,1,0,,,0,0.0,1.0,32.0,27.0,0.0,0.0,,,,,,,,,,,,,,,2022-08-08 10:43:04.476000+00:00
17,9a+GFJ4rMtZ9oU+dzWQCvOeTLT0=,17876056117493105,2,0,0.0,0.0,0,,,,,,,,,,,2.0,,,,,,,,,,2022-08-08 10:43:18.277000+00:00
18,spNbYyDKzW4QAHg/hIenC7i/OD0=,17917276783385646,0,0,1.0,1.0,0,8.0,,,,,,,,,,0.0,,,,,,,,,,2022-08-08 10:43:13.510000+00:00
19,FwrxX4WwgOe4XFz1nlQAXLxug0o=,17934342299103690,0,0,23.0,21.0,0,,,,,,,,,,,0.0,,,,,,,,,,2022-08-08 10:43:04.470000+00:00
20,lgMdsrmmgT69y3/LbUWGvCuIcHw=,17901318950583174,1,0,20.0,19.0,0,,,,,,,,,,,1.0,,,,,,,,,,2022-08-08 10:43:04.443000+00:00
21,RIQFVTsOWdcxF1eJGLYWOrECdac=,17960226157848618,1,0,50.0,47.0,0,17.0,,,,,,,,,,1.0,,,,,,,,,,2022-08-08 10:43:04.448000+00:00
22,Q67oiLUmNKb7J0AXbBwVPnsEtRU=,18117423874049611,3,0,,,1,9.0,4.0,12.0,11.0,1.0,9.0,,,,,,,,,,,,,,,2022-08-08 10:43:18.292000+00:00
23,a/bEx6WtQNHG3Y1F62ikG1lUWY0=,18021708679258021,1,0,,,0,0.0,1.0,0.0,0.0,0.0,0.0,,,,,,,,,,,,,,,2022-08-08 10:43:13.514000+00:00
24,mYqJcRYuD31l6t3MXEtkVFfEtXo=,18098097619123077,1,0,0.0,0.0,0,,,,,,,,,,,1.0,,,,,,,,,,2022-08-08 10:43:13.523000+00:00
25,vIRPUBG0BQDRu8Iib7k4iiwW1/4=,17906182030683081,2,0,37.0,33.0,0,,,,,,,,,,,2.0,,,,,,,,,,2022-08-08 10:43:09.833000+00:00
26,8fJ10/Z/G/32Fqcyx3b6tlEFuH4=,17953675960764505,1,1,38.0,38.0,0,11.0,,,,,,,,,,2.0,,,,,,,,,,2022-08-08 10:43:04.459000+00:00
27,nJQvSfdFiyf6Gq3+hUUSrXX0jZ8=,18184142593170145,1,0,21.0,19.0,0,4.0,,,,,,,,,,1.0,,,,,,,,,,2022-08-08 10:43:04.442000+00:00
28,zeLJRYFsJcHeywYzg7LJJRKfa8w=,17903567654297495,1,0,14.0,14.0,0,,,,,,,,,,,1.0,,,,,,,,,,2022-08-08 10:43:04.455000+00:00
29,FIkbVMaoTRCVnQOs9XHDcwrT+nA=,17884939474853940,4,0,50.0,48.0,0,,,,,,,,,,,4.0,,,,,,,,,,2022-08-08 10:43:09.845000+00:00
30,bYg7hnImV0JEB9MbJ/oQ6j4qBQM=,18083509141133612,4,0,0.0,0.0,0,0.0,,,,,,,,,,4.0,,,,,,,,,,2022-08-08 10:43:18.270000+00:00
31,KW+jfqdLTOK6umGshxowWWLKBrM=,17883817843786013,0,0,65.0,65.0,0,,,,,,,,,,,0.0,,,,,,,,,,2022-08-08 10:43:09.827000+00:00
32,I6mbW+EHOcw/6PkA7yaMfz7qQ1Q=,17850021419004038,3,1,,,1,0.0,5.0,5.0,5.0,1.0,0.0,,,,,,,,,,,,,,,2022-08-08 10:43:13.506000+00:00
33,kgFjBjklz5lKwh1ng7mcZAlrofQ=,18146641111029168,1,0,6.0,5.0,0,,,,,,,,,,,1.0,,,,,,,,,,2022-08-08 10:43:13.528000+00:00
34,s4scfemiq57MKyiWaiXF/Mv7AOs=,18152509927008820,1,0,19.0,17.0,0,,,,,,,,,,,1.0,,,,,,,,,,2022-08-08 10:43:13.499000+00:00
35,iK9mD1D6jBFv5b0Ar4RUhXpDvzs=,17974187854419239,3,0,33.0,33.0,0,,,,,,,,,,,3.0,,,,,,,,,,2022-08-08 10:43:04.472000+00:00
36,+wKYRuEYYWwVvkGTNFY1jeFXjTk=,17894358412419779,8,0,73.0,67.0,3,,,,,,,,,,,11.0,,,,,,,,,,2022-08-08 10:43:18.269000+00:00
37,Kq9b0qXLOOJ952isN8rY/6ehwyY=,18027765325232295,1,0,2.0,2.0,0,,,,,,,,,,,1.0,,,,,,,,,,2022-08-08 10:43:18.267000+00:00
38,Y2YZfc5rGREtX8+zUtprOmTdbiA=,18060463957158708,1,0,0.0,0.0,0,,,,,,,,,,,1.0,,,,,,,,,,2022-08-08 10:43:18.275000+00:00
39,aqcFqB3e4wjmEo9hRBJFfkRui7w=,17906031538660472,1,0,29.0,28.0,0,9.0,,,,,,,,,,1.0,,,,,,,,,,2022-08-08 10:43:09.796000+00:00
40,2+yTk8S6BET4cJSmQgaT4PkBl+I=,17934335947729137,1,0,39.0,38.0,0,,,,,,,,,,,1.0,,,,,,,,,,2022-08-08 10:43:04.446000+00:00
41,Bygz4n89ffIvKPZWXDcvmwxBlws=,17888982724501064,2,0,,,0,0.0,2.0,2.0,2.0,0.0,0.0,,,,,,,,,,,,,,,2022-08-08 10:43:13.508000+00:00
42,mAZUVaFcN7PaIn+tcJitiwE7Uy4=,17922759934630873,2,0,136.0,132.0,0,23.0,,,,,,,,,,2.0,,,,,,,,,,2022-08-08 10:43:09.803000+00:00
43,n/7B7yAPKKaYVMdsYtydLqYbKQo=,17867052923313739,1,0,65.0,60.0,0,,,,,,,,,,,1.0,,,,,,,,,,2022-08-08 10:43:09.815000+00:00
44,Ogf661pasFham3PbUne2aALfw8c=,17847328021916327,0,0,1.0,1.0,0,,,,,,,,,,,0.0,,,,,,,,,,2022-08-08 10:43:13.527000+00:00
45,UI6wRIrC0+giifGbwpJKtnt/r8c=,17985064699481073,1,0,25.0,23.0,0,,,,,,,,,,,1.0,,,,,,,,,,2022-08-08 10:43:04.460000+00:00
46,4h3XfbTQLciIbDR+/thAIrTT75Y=,17973016312528390,2,1,36.0,36.0,0,,,,,,,,,,,3.0,,,,,,,,,,2022-08-08 10:43:04.466000+00:00
47,HlO+Yx4nYuDN5VMaOYsxacnMUUw=,17909123140850525,1,0,15.0,13.0,0,6.0,,,,,,,,,,1.0,,,,,,,,,,2022-08-08 10:43:09.818000+00:00
48,LHXb176PqxKCiBuVcjypb/+ujPc=,18007634797349630,2,0,71.0,69.0,0,13.0,,,,,,,,,,2.0,,,,,,,,,,2022-08-08 10:43:04.475000+00:00
49,mEio9gQjH2eQ9ixPP4KX+Rkg7k8=,17843990435579782,3,0,33.0,32.0,0,,,,,,,,,,,3.0,,,,,,,,,,2022-08-08 10:43:09.847000+00:00
50,+3zUKcnuS5HqXoiZQgq2oeRNnjg=,17943215416640051,1,0,16.0,16.0,0,,,,,,,,,,,1.0,,,,,,,,,,2022-08-08 10:43:04.473000+00:00
51,WjdbgJ9Q569cjyGYrV50VBIRIRs=,17853512104875606,1,0,1.0,1.0,0,,,,,,,,,,,1.0,,,,,,,,,,2022-08-08 10:43:13.511000+00:00
52,pTEiI8Usu9EHYvwE8yg1EojvtYA=,17895631022266668,1,0,28.0,28.0,0,,,,,,,,,,,1.0,,,,,,,,,,2022-08-08 10:43:04.483000+00:00
53,IkyfJlhq2Ek+y/2oUOsnmdVht8I=,18094971940155742,3,1,24.0,24.0,0,,,,,,,,,,,4.0,,,,,,,,,,2022-08-08 10:43:13.524000+00:00
54,1M2/8T6H12C3QSpx1IIiIS8EdpU=,17931780169734211,4,1,66.0,63.0,0,20.0,,,,,,,,,,5.0,,,,,,,,,,2022-08-08 10:43:04.445000+00:00
55,15uiihJSJui2WrbGR1262PFe7fI=,18006318100388515,1,0,25.0,25.0,0,9.0,,,,,,,,,,1.0,,,,,,,,,,2022-08-08 10:43:04.458000+00:00
56,9d+1H3/LF7IHfGMcCsPN7ANOOCw=,17886007798874279,2,0,25.0,24.0,0,,,,,,,,,,,2.0,,,,,,,,,,2022-08-08 10:43:09.843000+00:00
57,qBmdnQAqtYhab451TrVjBZMBO04=,17927388487432878,0,0,27.0,24.0,0,,,,,,,,,,,0.0,,,,,,,,,,2022-08-08 10:43:09.825000+00:00
58,I09U46zAXrDdR6A/pxZGh954014=,17928023810181152,2,0,31.0,31.0,0,,,,,,,,,,,2.0,,,,,,,,,,2022-08-08 10:43:04.477000+00:00
59,Z9tFp1b8hrLbK86NU+VQYQsSyHA=,17883726850818208,1,0,21.0,19.0,0,,,,,,,,,,,1.0,,,,,,,,,,2022-08-08 10:43:09.802000+00:00
60,lKfefuk6PVqvK8UF1JNns32a+68=,17902972844126456,1,0,26.0,26.0,0,,,,,,,,,,,1.0,,,,,,,,,,2022-08-08 10:43:04.454000+00:00
61,mjLnRsX9+8sepYKTNAMmgX5LtG0=,17900833450611754,3,0,,,0,0.0,3.0,46.0,41.0,0.0,0.0,,,,,,,,,,,,,,,2022-08-08 10:43:09.813000+00:00
62,N9NBK+nhChbUeToXEPi+x52qWKk=,17882327180156575,6,0,29.0,28.0,0,11.0,,,,,,,,,,6.0,,,,,,,,,,2022-08-08 10:43:09.808000+00:00
63,ozirfhPw9qltpwZC3pSyp++T+GM=,18122228401045874,2,0,0.0,0.0,0,,,,,,,,,,,2.0,,,,,,,,,,2022-08-08 10:43:18.279000+00:00
64,FVevvcoeicZfOURvkCfIEpaB+Kk=,18130089565139758,0,0,29.0,28.0,0,,,,,,,,,,,0.0,,,,,,,,,,2022-08-08 10:43:09.804000+00:00
65,V8EXKpyisBfRnoebjNd0cCKtZw4=,17923007266945175,2,0,37.0,37.0,0,,,,,,,,,,,2.0,,,,,,,,,,2022-08-08 10:43:04.464000+00:00
66,MUlOcVmtnxv4ePlvNeDlty38z2w=,18263562358041708,2,0,25.0,24.0,0,,,,,,,,,,,2.0,,,,,,,,,,2022-08-08 10:43:04.453000+00:00
67,/ZFJgD8CWvLXXSmVG6Umm0UtbgY=,17895345689068051,2,0,41.0,40.0,0,,,,,,,,,,,2.0,,,,,,,,,,2022-08-08 10:43:09.848000+00:00
68,qlBo7WaKfX+UrXaXpGPOukWXsQk=,18108910516001193,1,0,0.0,0.0,0,3.0,,,,,,,,,,1.0,,,,,,,,,,2022-08-08 10:43:18.270000+00:00
69,wSUTxU/RjODix6VoFK0og21hArg=,18092233483066861,2,0,0.0,0.0,0,,,,,,,,,,,2.0,,,,,,,,,,2022-08-08 10:43:18.271000+00:00
70,q2+QMAQHpFBj6dSh2dOhhJ8DNqY=,18067809121145872,1,0,3.0,3.0,0,,,,,,,,,,,1.0,,,,,,,,,,2022-08-08 10:43:18.282000+00:00
71,1lkCrNhc53tEFEAfPnu13Kq3quE=,17953362430594306,2,0,36.0,35.0,0,12.0,,,,,,,,,,2.0,,,,,,,,,,2022-08-08 10:43:04.482000+00:00
72,Ks+WaxOs0MSshMbvU0zLpwDyhHc=,17881205654152604,2,0,99.0,96.0,1,15.0,,,,,,,,,,3.0,,,,,,,,,,2022-08-08 10:43:09.828000+00:00
73,5qke/+OVy4EKD7fjLTCK/SoOrto=,17851925242588776,0,0,0.0,0.0,0,,,,,,,,,,,0.0,,,,,,,,,,2022-08-08 10:43:18.281000+00:00
74,g8mpHPu9ATbvi0VdkCOmVWIbJOM=,17864335286629174,3,0,35.0,34.0,0,,,,,,,,,,,3.0,,,,,,,,,,2022-08-08 10:43:04.479000+00:00
75,RS+CP0XJV0z22a4kZUVaKsQ6Ew8=,17848833397668084,1,0,0.0,0.0,0,,,,,,,,,,,1.0,,,,,,,,,,2022-08-08 10:43:18.289000+00:00
76,zVjZ4e5/lNpvb9DgPTpscnekgs0=,17867008204665064,1,0,10.0,9.0,0,,,,,,,,,,,1.0,,,,,,,,,,2022-08-08 10:43:13.501000+00:00
77,8fRXd/MC9gZJ9Xj9mujgkuZr31Q=,17862387818463588,2,0,99.0,98.0,0,15.0,,,,,,,,,,2.0,,,,,,,,,,2022-08-08 10:43:09.816000+00:00
78,Lf5Okv9aEKshmONZKrO5FO2qiVc=,17878314256727265,2,0,10.0,9.0,1,,,,,,,,,,,3.0,,,,,,,,,,2022-08-08 10:43:13.498000+00:00
79,yVC4D4hShRhPLkWs2M2lC95d0Gc=,17908459432442293,5,0,13.0,13.0,1,32.0,,,,,,,,,,6.0,,,,,,,,,,2022-08-08 10:43:13.519000+00:00
80,JfD+6ceEaS0LuqP5U92FLM16a8U=,18241653220025245,1,0,25.0,23.0,0,,,,,,,,,,,1.0,,,,,,,,,,2022-08-08 10:43:04.463000+00:00
81,/rAKnU8ScDuThzynXhcbjNu/Cm4=,18095360425016620,2,0,1.0,1.0,0,,,,,,,,,,,2.0,,,,,,,,,,2022-08-08 10:43:18.292000+00:00
82,uZXAjdg2wdFHmLRyeO3lAGGOUls=,17996831854391881,1,0,111.0,105.0,0,,,,,,,,,,,1.0,,,,,,,,,,2022-08-08 10:43:04.461000+00:00
83,gjAvKOK5w17jn0NqKlcEqB1qW8M=,17863259909452024,3,0,36.0,35.0,0,,,,,,,,,,,3.0,,,,,,,,,,2022-08-08 10:43:09.814000+00:00
84,A+IdLKkR3oE3uwYpU8OYa/h6Scg=,18013761517248478,2,0,3.0,3.0,0,5.0,,,,,,,,,,2.0,,,,,,,,,,2022-08-08 10:43:18.279000+00:00
85,Oc6E639gn7HSqBBAqO90B5zdp1I=,17908849585398624,1,0,0.0,0.0,0,0.0,,,,,,,,,,1.0,,,,,,,,,,2022-08-08 10:43:13.495000+00:00
86,JWRck9zBOvAshiAGv2WzhFSFa1A=,18153115474114902,2,0,34.0,32.0,0,9.0,,,,,,,,,,2.0,,,,,,,,,,2022-08-08 10:43:09.831000+00:00
87,1HtRQ3jlK5ZOakc/6Xa3gf1jffI=,18083987722262732,3,0,50.0,48.0,0,12.0,,,,,,,,,,3.0,,,,,,,,,,2022-08-08 10:43:09.799000+00:00
88,z/BrJWcjtCFKnYGrlGctAeJi+K8=,18126534043016398,1,0,0.0,0.0,0,13.0,,,,,,,,,,1.0,,,,,,,,,,2022-08-08 10:43:13.514000+00:00
89,OSvGJsXC2HB0yFUti3qBnJEg740=,17850058543838036,1,0,0.0,0.0,0,,,,,,,,,,,1.0,,,,,,,,,,2022-08-08 10:43:13.517000+00:00
90,lQ3L7JydfO7wukY59bhbIcqST7Y=,18022753861259391,2,0,1.0,1.0,0,,,,,,,,,,,2.0,,,,,,,,,,2022-08-08 10:43:13.520000+00:00
91,i+Yj0eznO4IRkDInY9rGSlbgQV0=,17846417101813420,3,0,0.0,0.0,0,,,,,,,,,,,3.0,,,,,,,,,,2022-08-08 10:43:18.291000+00:00
92,p3vyt3fJ1XFdnl/v2vTl2OUxFMM=,17884801663602338,3,0,4.0,4.0,0,10.0,,,,,,,,,,3.0,,,,,,,,,,2022-08-08 10:43:13.506000+00:00
93,6n9MfbpCVAHzEL+97JC8wHfGMgg=,18051866884149038,0,0,0.0,0.0,0,,,,,,,,,,,0.0,,,,,,,,,,2022-08-08 10:43:18.284000+00:00
94,jTPoRmq3Jguuk6NjBAcs2x8HYbA=,17915360863660406,4,0,48.0,46.0,0,,,,,,,,,,,4.0,,,,,,,,,,2022-08-08 10:43:09.838000+00:00
95,SPozMGqLZVeOjKTB8dSjdjqnKFg=,17869357342647932,1,0,1.0,1.0,0,,,,,,,,,,,1.0,,,,,,,,,,2022-08-08 10:43:13.499000+00:00
96,phwX3MGJtkTPpXN6G4ZNosXLj5I=,17921150474081097,1,0,32.0,31.0,0,,,,,,,,,,,1.0,,,,,,,,,,2022-08-08 10:43:04.468000+00:00
97,HyZJEMzAOMN8iQVmU5KVIjbyzsw=,18067986007081755,3,1,0.0,0.0,0,,,,,,,,,,,4.0,,,,,,,,,,2022-08-08 10:43:18.273000+00:00
98,dQZOi1n9mIRB2Rs9G9zeP9yASMY=,18004707124271815,4,0,0.0,0.0,0,,,,,,,,,,,4.0,,,,,,,,,,2022-08-08 10:43:18.276000+00:00
99,aJKjxYlCuGK3K3Y9rVsdFXAXobw=,17984551771272455,0,0,2.0,2.0,0,,,,,,,,,,,0.0,,,,,,,,,,2022-08-08 10:43:18.274000+00:00
100,m56QWGLjhWS1yKanX4vcn3KpcwA=,17931537091311210,1,0,0.0,0.0,0,6.0,,,,,,,,,,1.0,,,,,,,,,,2022-08-08 10:43:18.287000+00:00
101,WkUCQCXWplgzfojFS8Wj/KXsZ3E=,17981023144281155,1,0,0.0,0.0,1,,,,,,,,,,,2.0,,,,,,,,,,2022-08-08 10:43:18.289000+00:00
102,5nyfhSnYbEZyW0UIOcwSa5dLkcI=,17860197769852391,2,0,12.0,10.0,0,,,,,,,,,,,2.0,,,,,,,,,,2022-08-08 10:43:13.504000+00:00
103,S7CmnI2Us9Nrp5i6RQoOzGoLAUE=,17893301852332473,1,0,21.0,20.0,0,,,,,,,,,,,1.0,,,,,,,,,,2022-08-08 10:43:04.452000+00:00
104,Ko6bNIgdOl6OH0BOI+nf5RIeLz8=,17919949201820095,1,0,20.0,19.0,0,,,,,,,,,,,1.0,,,,,,,,,,2022-08-08 10:43:04.439000+00:00
105,slAjvwd8WJ1E86JQZKOu9YM9IKk=,18255452548009529,1,0,12.0,11.0,0,6.0,,,,,,,,,,1.0,,,,,,,,,,2022-08-08 10:43:04.447000+00:00
106,VeRcdPjA8ygsgBXKLax/nmXWM6E=,18142163551092745,2,0,33.0,31.0,0,11.0,,,,,,,,,,2.0,,,,,,,,,,2022-08-08 10:43:09.805000+00:00
107,ZOmc1Vyq+E3263Q2tPCyNgFUNu4=,18256302220014073,1,0,14.0,14.0,0,5.0,,,,,,,,,,1.0,,,,,,,,,,2022-08-08 10:43:04.436000+00:00
108,HeiZ4o+hhp5vunvScWKF0X3Y6L8=,18106677844021948,1,0,0.0,0.0,0,,,,,,,,,,,1.0,,,,,,,,,,2022-08-08 10:43:18.287000+00:00
109,/83CGQVVRvURWRLJXtbcotwKtUk=,17910985795629877,1,0,26.0,26.0,0,,,,,,,,,,,1.0,,,,,,,,,,2022-08-08 10:43:09.807000+00:00
110,zb2oUnhJMMqyu92GOhf+pvsDM0M=,18009803044253641,0,0,1.0,1.0,0,,,,,,,,,,,0.0,,,,,,,,,,2022-08-08 10:43:18.282000+00:00
111,r13pRXPs4nGuxlJPaZLtOCw7Trg=,18164414668170946,1,0,19.0,19.0,0,7.0,,,,,,,,,,1.0,,,,,,,,,,2022-08-08 10:43:04.457000+00:00
112,p2RaC3FDQF4PRL/ZUK/7OhSP1k8=,17931807542213403,0,0,36.0,29.0,0,,,,,,,,,,,0.0,,,,,,,,,,2022-08-08 10:43:04.485000+00:00
113,c9Pfndevktvn5+L5DilIZbk0w0w=,17953307527462395,2,0,23.0,20.0,0,8.0,,,,,,,,,,2.0,,,,,,,,,,2022-08-08 10:43:04.435000+00:00
114,APloMNKxMUs+fa8zYXi4zb040TY=,17986906897295657,3,0,1.0,1.0,0,,,,,,,,,,,3.0,,,,,,,,,,2022-08-08 10:43:13.513000+00:00
115,dK+ND+o6mq4jt7az508iDCiBan0=,18052662871240584,0,0,0.0,0.0,0,5.0,,,,,,,,,,0.0,,,,,,,,,,2022-08-08 10:43:13.507000+00:00
116,xWMh+Jzv/NYHS7hLO5EbCp72E68=,17902683160506464,0,0,17.0,16.0,0,,,,,,,,,,,0.0,,,,,,,,,,2022-08-08 10:43:13.525000+00:00
117,fqDu+04aihNmIlrkKJJd315+yp0=,17873424733550665,1,0,0.0,0.0,0,,,,,,,,,,,1.0,,,,,,,,,,2022-08-08 10:43:13.500000+00:00
118,ZxQyWDNaWGIG2oRjFQg0+/WZSiw=,17845578233182094,1,0,1.0,1.0,0,,,,,,,,,,,1.0,,,,,,,,,,2022-08-08 10:43:13.502000+00:00
119,7cyxGzlLg7c2AIFKf3gfIalGbac=,17876646172645072,2,1,9.0,8.0,0,,,,,,,,,,,3.0,,,,,,,,,,2022-08-08 10:43:13.509000+00:00
120,fALCvYRgci/tSddZCLkRZH/+7+U=,17874294230113143,2,0,31.0,29.0,0,,,,,,,,,,,2.0,,,,,,,,,,2022-08-08 10:43:09.839000+00:00
121,0xacWBofJmEp36cZue7wlZQQ8Lc=,18243399679008829,2,0,33.0,30.0,0,,,,,,,,,,,2.0,,,,,,,,,,2022-08-08 10:43:04.480000+00:00
122,axWFs2ZG3ULnweJLfFoujurrudg=,17852841595671114,1,0,13.0,12.0,0,,,,,,,,,,,1.0,,,,,,,,,,2022-08-08 10:43:18.288000+00:00
123,Ovlkd8Tw6aA6pCzRxu+W3uY7MCY=,17851827785246954,0,0,31.0,29.0,0,,,,,,,,,,,0.0,,,,,,,,,,2022-08-08 10:43:13.512000+00:00
124,ERSeaoTMewcQm2gsTxWxtOrxxq4=,17857135891526983,0,0,0.0,0.0,0,,,,,,,,,,,0.0,,,,,,,,,,2022-08-08 10:43:18.268000+00:00
125,+INc0DZH4f584CkuNUVf6EkPzQc=,18108100552225646,2,0,22.0,21.0,0,8.0,,,,,,,,,,2.0,,,,,,,,,,2022-08-08 10:43:09.842000+00:00
126,gVSijzMR+6xQFFVrsihKVmNsylU=,18096182014039664,1,0,0.0,0.0,0,4.0,,,,,,,,,,1.0,,,,,,,,,,2022-08-08 10:43:18.288000+00:00
127,PnpZi6O4t/cSqIS0bIQqlnQ+1QU=,17864797478106136,2,0,,,0,0.0,2.0,92.0,81.0,0.0,0.0,,,,,,,,,,,,,,,2022-08-08 10:43:09.849000+00:00
128,+SrNZvHC8Tzuq72K4iTvuorFo8Y=,17850366649875300,2,0,,,0,0.0,2.0,1.0,1.0,0.0,0.0,,,,,,,,,,,,,,,2022-08-08 10:43:13.513000+00:00
129,RvBGopWHY9F8ITxEvj5mPk+VDD8=,18048036256243905,5,0,8.0,8.0,0,,,,,,,,,,,5.0,,,,,,,,,,2022-08-08 10:43:13.522000+00:00
130,o5NgRsTM/osErLUdQsbK5m6lTfg=,17892403954999353,3,0,,,0,0.0,3.0,18.0,16.0,0.0,0.0,,,,,,,,,,,,,,,2022-08-08 10:43:09.837000+00:00
131,5RSRwY6NyN5kVWR6iPKDjGRx834=,17885553059010611,2,0,33.0,32.0,0,,,,,,,,,,,2.0,,,,,,,,,,2022-08-08 10:43:09.841000+00:00
132,a6nxDVp+eCONyP5FWDGBFw5KQp8=,17913248635385017,1,0,0.0,0.0,0,,,,,,,,,,,1.0,,,,,,,,,,2022-08-08 10:43:13.503000+00:00
133,rGKTLuB1keADx3jb9kXHL/2OPKc=,17874535681680346,1,0,0.0,0.0,0,,,,,,,,,,,1.0,,,,,,,,,,2022-08-08 10:43:13.526000+00:00
134,A272CFIm6FMMzczopn90aE+VdgA=,17925364282846992,1,0,13.0,13.0,0,,,,,,,,,,,1.0,,,,,,,,,,2022-08-08 10:43:04.456000+00:00
135,8FdOds1S6xSH9KC2X6zXTr7zEiM=,18056931574173178,1,0,1.0,1.0,0,,,,,,,,,,,1.0,,,,,,,,,,2022-08-08 10:43:18.272000+00:00
136,f7Wfw2hwIuaoLI4fQnUwRWmYRT8=,17859703768834834,2,0,4.0,4.0,0,31.0,,,,,,,,,,2.0,,,,,,,,,,2022-08-08 10:43:13.497000+00:00
137,g9+U2Bbwd4dZcewOaJ1zSy0dluw=,17893690892218128,1,0,28.0,28.0,0,,,,,,,,,,,1.0,,,,,,,,,,2022-08-08 10:43:04.471000+00:00
138,Wi9niVMaYeR8dihlVtc0PLMgiRc=,17930302702419731,1,0,24.0,24.0,0,,,,,,,,,,,1.0,,,,,,,,,,2022-08-08 10:43:13.523000+00:00
139,CInuFYUP1U84dRWbA/AZ0gTTb88=,17869890470365104,2,0,25.0,24.0,0,,,,,,,,,,,2.0,,,,,,,,,,2022-08-08 10:43:09.819000+00:00
140,5wodFQDpSIwTEvkRCOFiwltySj0=,17945484448861877,1,0,52.0,52.0,0,,,,,,,,,,,1.0,,,,,,,,,,2022-08-08 10:43:04.467000+00:00
141,s02YZiD192zvFdNpBo0n3OPwDAE=,17902092055897004,3,0,36.0,33.0,0,11.0,,,,,,,,,,3.0,,,,,,,,,,2022-08-08 10:43:09.846000+00:00
142,dqmAKg63CsreqVHWHwi2LjO4+ZY=,17915909794574149,2,0,58.0,55.0,0,,,,,,,,,,,2.0,,,,,,,,,,2022-08-08 10:43:09.821000+00:00
143,C/Otyb2sujEB1ekVa6nIq7VgoY0=,17854418017612187,1,0,0.0,0.0,0,12.0,,,,,,,,,,1.0,,,,,,,,,,2022-08-08 10:43:18.280000+00:00
144,85LebxVjJaOIL6KKrTBXs8xSaZQ=,18047697949263823,0,0,26.0,23.0,0,8.0,,,,,,,,,,0.0,,,,,,,,,,2022-08-08 10:43:09.795000+00:00
145,nzHQ65591avnR9bivw85wy4dKsY=,17885835056483743,1,0,17.0,16.0,0,5.0,,,,,,,,,,1.0,,,,,,,,,,2022-08-08 10:43:04.469000+00:00
146,8BQEcTu2GHK7Zkm/BUbq58em2Lg=,17945586691357591,1,1,2.0,2.0,0,,,,,,,,,,,2.0,,,,,,,,,,2022-08-08 10:43:13.510000+00:00
147,MJ7u6fvvaJlnzWlNuLLK+Ck+7pM=,17852155435749049,0,0,0.0,0.0,0,1.0,,,,,,,,,,0.0,,,,,,,,,,2022-08-08 10:43:18.283000+00:00
148,m+hdbvA0z2QmUG0LH1Cr/AGOGjc=,17842289384643473,2,0,20.0,19.0,0,,,,,,,,,,,2.0,,,,,,,,,,2022-08-08 10:43:04.451000+00:00
149,LY+FW0y5w5RZppe4KCMfOBJiVTc=,17902531726804105,3,0,63.0,59.0,0,,,,,,,,,,,3.0,,,,,,,,,,2022-08-08 10:43:09.836000+00:00
150,TlmlvYIo4zSg7zf5EvyzZLRGXqc=,18161282740144901,2,0,121.0,117.0,0,20.0,,,,,,,,,,2.0,,,,,,,,,,2022-08-08 10:43:04.462000+00:00
151,5KXE2PqijcwPfUHFUyxTNjNcvZE=,17969464954595174,4,0,,,0,0.0,4.0,51.0,47.0,0.0,0.0,,,,,,,,,,,,,,,2022-08-08 10:43:04.450000+00:00
152,UiJky1tGGYL1m0sNAUiKhcIgVk8=,17862873553549601,0,0,0.0,0.0,0,,,,,,,,,,,0.0,,,,,,,,,,2022-08-08 10:43:18.294000+00:00
153,xY2AXHrvdy8Yw1FhI8YAd5trSls=,17900027737703253,1,0,26.0,25.0,0,,,,,,,,,,,1.0,,,,,,,,,,2022-08-08 10:43:09.829000+00:00
154,X0pLJz8MQ0arQV7jwERxlZFaJSs=,18114441445093171,2,1,11.0,11.0,1,26.0,,,,,,,,,,4.0,,,,,,,,,,2022-08-08 10:43:13.505000+00:00
155,hktUClpxHNjdJAdz0SK2pHS4Rng=,18087981529090538,2,0,0.0,0.0,0,,,,,,,,,,,2.0,,,,,,,,,,2022-08-08 10:43:13.526000+00:00
156,TOzZ8uGouEP+MhGOv2dcnv35WV0=,17842618138823232,0,0,0.0,0.0,0,,,,,,,,,,,0.0,,,,,,,,,,2022-08-08 10:43:18.277000+00:00
157,4eUMlwz02hB9H+vafWkZ+TF9wdQ=,17935504052077294,1,0,38.0,37.0,0,,,,,,,,,,,1.0,,,,,,,,,,2022-08-08 10:43:04.441000+00:00
158,H0CVX2J+qpJtD9m5jtGJKMmeCr4=,17858907982891920,2,0,10.0,9.0,0,,,,,,,,,,,2.0,,,,,,,,,,2022-08-08 10:43:13.520000+00:00
159,QW/YH7qQX54NdSCNGsJb99yI+Ok=,18118057219178378,0,0,,,0,0.0,0.0,89.0,75.0,0.0,0.0,,,,,,,,,,,,,,,2022-08-08 10:43:09.811000+00:00
160,eg3reClH+nENQ9vGbR/TazWFNlI=,17889948175602650,1,0,11.0,9.0,0,,,,,,,,,,,1.0,,,,,,,,,,2022-08-08 10:43:13.508000+00:00
161,RAXLKM/O7iQI15B0fU5HuYbmPnE=,18097589341043778,0,0,0.0,0.0,0,2.0,,,,,,,,,,0.0,,,,,,,,,,2022-08-08 10:43:18.285000+00:00
162,mJ9rSQW+CXPmU+brIta70DlW9F4=,18000361375416676,0,0,21.0,20.0,0,,,,,,,,,,,0.0,,,,,,,,,,2022-08-08 10:43:04.484000+00:00
163,qB5jYXM8XgvucjwgWhqarzgSZ0M=,17871410018427299,4,0,25.0,23.0,0,7.0,,,,,,,,,,4.0,,,,,,,,,,2022-08-08 10:43:09.817000+00:00
164,s9R1ySx/K2trPym8FGdsMTC/wXg=,17894563468402765,0,0,0.0,0.0,0,,,,,,,,,,,0.0,,,,,,,,,,2022-08-08 10:43:18.265000+00:00
165,gQxedmp6LzupwKSbzM55rQhCfJ4=,17848423054789292,2,0,4.0,4.0,0,,,,,,,,,,,2.0,,,,,,,,,,2022-08-08 10:43:18.286000+00:00
166,BX3XgOSek+ikJyGFZJbI9dQj94U=,17853319631401129,2,0,28.0,26.0,1,,,,,,,,,,,3.0,,,,,,,,,,2022-08-08 10:43:09.832000+00:00
167,Yh3J15rVlBVIzvOT66BhnKedmGU=,17889511247217705,1,0,26.0,26.0,0,8.0,,,,,,,,,,1.0,,,,,,,,,,2022-08-08 10:43:04.478000+00:00
168,LcBXIgGPlaJaF98+aEkC8lhOtCE=,17994737239277164,0,0,0.0,0.0,0,,,,,,,,,,,0.0,,,,,,,,,,2022-08-08 10:43:18.275000+00:00
169,RCjLHMfePfIa/QS3KxMZBlIoetk=,17917433608593870,3,0,24.0,22.0,0,,,,,,,,,,,3.0,,,,,,,,,,2022-08-08 10:43:09.823000+00:00
170,Xir/rEEeR8LmtosCZ75GxBa5CqU=,17907297097997489,2,0,30.0,29.0,0,,,,,,,,,,,2.0,,,,,,,,,,2022-08-08 10:43:04.481000+00:00
171,qcTb50mlZC8gcuLqBEMx3uH866M=,17939382751462083,3,0,29.0,29.0,0,,,,,,,,,,,3.0,,,,,,,,,,2022-08-08 10:43:09.835000+00:00
172,ciaTdiYOnmAnnzyLVEd0rFcqYBo=,17997345205262974,2,0,2.0,2.0,0,9.0,,,,,,,,,,2.0,,,,,,,,,,2022-08-08 10:43:18.285000+00:00
173,mOwHXRzwcfLNmS/2sfgS3bvKxFw=,17905299377321673,2,0,22.0,21.0,0,8.0,,,,,,,,,,2.0,,,,,,,,,,2022-08-08 10:43:04.474000+00:00
174,wFQALSpBkVQoYRicqJdDpBG9bKA=,17853628922496291,2,0,28.0,25.0,0,,,,,,,,,,,2.0,,,,,,,,,,2022-08-08 10:43:09.824000+00:00
175,qwwDmJUi/WQa/KyrzCU97J4y4oc=,18029380021251244,2,0,,,0,0.0,2.0,1.0,1.0,0.0,0.0,,,,,,,,,,,,,,,2022-08-08 10:43:13.521000+00:00
176,ogXaSD+Sv02J6xnY4gtZT0A/npI=,17842671359039239,1,0,7.0,7.0,0,,,,,,,,,,,1.0,,,,,,,,,,2022-08-08 10:43:13.518000+00:00
177,G3GODn4PM6Vt6FLZkHk0XIUvths=,18032370439230509,5,0,,,0,0.0,5.0,4.0,4.0,0.0,0.0,,,,,,,,,,,,,,,2022-08-08 10:43:18.280000+00:00
178,mjS5FTmsB4BBOiYxuL1DvyT6WlA=,18001438186247358,1,0,0.0,0.0,0,,,,,,,,,,,1.0,,,,,,,,,,2022-08-08 10:43:18.278000+00:00
179,fm7yvmvMqQOSE/kZ4TevPiwQNFI=,17858212483934330,4,0,,,0,0.0,4.0,3.0,3.0,0.0,0.0,,,,,,,,,,,,,,,2022-08-08 10:43:13.518000+00:00
180,yudHgk3I+5RDjZRfGY2VAvD68FY=,17898483322954455,2,0,23.0,23.0,0,8.0,,,,,,,,,,2.0,,,,,,,,,,2022-08-08 10:43:09.794000+00:00
181,ggjpJ2PxlfZx0tRvIgqZ1C35mSk=,17848418137722031,4,0,3.0,3.0,0,,,,,,,,,,,4.0,,,,,,,,,,2022-08-08 10:43:18.293000+00:00
182,GMhQRqFQP3u0HbaK/84BSwKqITE=,17915342389598867,2,0,79.0,77.0,0,,,,,,,,,,,2.0,,,,,,,,,,2022-08-08 10:43:09.840000+00:00
183,pZUIoGo2LBmUsmZoS+HSmuIoFpo=,17970282214370575,2,1,39.0,39.0,0,14.0,,,,,,,,,,3.0,,,,,,,,,,2022-08-08 10:43:09.822000+00:00
184,AO5ja+IRdANYQ/erhKgh8v6jBnY=,17859693853619456,2,0,2.0,2.0,0,3.0,,,,,,,,,,2.0,,,,,,,,,,2022-08-08 10:43:18.267000+00:00
185,4eSkEXiTYXRmO4gUyrOJzNH5Ezk=,17861257942629734,1,0,0.0,0.0,0,,,,,,,,,,,1.0,,,,,,,,,,2022-08-08 10:43:13.496000+00:00
186,apFvaOAervgs1WvE0GdaKcPPqm4=,17875888663673613,3,0,10.0,8.0,0,,,,,,,,,,,3.0,,,,,,,,,,2022-08-08 10:43:13.521000+00:00
187,NiTftLuCoF0TkE8logBY4DebLCI=,17874095884636503,3,0,15.0,13.0,0,,,,,,,,,,,3.0,,,,,,,,,,2022-08-08 10:43:13.525000+00:00
188,qheFJAhN/oOkBlD4Hlx3gVoy/yc=,17945130823659149,2,0,53.0,46.0,0,,,,,,,,,,,2.0,,,,,,,,,,2022-08-08 10:43:04.433000+00:00
189,ZL5pRgdINGLmNzc25j5EE0WptP4=,18007565224318477,2,0,24.0,24.0,0,7.0,,,,,,,,,,2.0,,,,,,,,,,2022-08-08 10:43:09.801000+00:00
190,mVp8iJbuUT1mfBHAzUeIUQ/yv3Q=,18197738704088622,1,0,23.0,21.0,0,6.0,,,,,,,,,,1.0,,,,,,,,,,2022-08-08 10:43:04.486000+00:00
191,BRGUtGnCQ0gmJX4jCLBFaWVNH28=,17886281861007522,2,0,37.0,37.0,0,11.0,,,,,,,,,,2.0,,,,,,,,,,2022-08-08 10:43:09.826000+00:00
192,/1zXT8k+hjSSl2H6m//Itgs/BbA=,18074384872180028,3,0,,,0,0.0,3.0,14.0,14.0,0.0,0.0,,,,,,,,,,,,,,,2022-08-08 10:43:18.273000+00:00
193,wz4kVtpyQ7GwCZTiQHCjKMMR/7s=,18063680548183781,1,0,0.0,0.0,0,,,,,,,,,,,1.0,,,,,,,,,,2022-08-08 10:43:18.272000+00:00
194,+P46Td/Ibs93s8oTUpam2UflomY=,18116142532009315,2,0,10.0,10.0,0,,,,,,,,,,,2.0,,,,,,,,,,2022-08-08 10:43:18.291000+00:00
