,_fivetran_id,id,date,email_contacts,follower_count,get_directions_clicks,phone_call_clicks,profile_views,text_message_clicks,website_clicks,impressions,impressions_7_d,impressions_28_d,reach,reach_7_d,reach_28_d,_fivetran_synced
0,sdsmJfLdZuuPBWiExnjZ3mzX0DQ=,17841413694138154,2022-07-30,0,0.0,0,0,1,0,0,6,13,165,5,7,109,2022-08-08 10:42:03.740000+00:00
1,45Dy1iaT4Oxg516Shlmb5I0oQK8=,17841413694138154,2022-08-05,0,0.0,0,0,0,0,0,3,53,204,1,9,110,2022-08-08 10:42:03.742000+00:00
2,lOxt3MOmUvCcsQbgKAjti8xAK3Q=,17841413694138154,2022-07-15,0,0.0,0,0,0,0,0,0,7,118,0,7,13,2022-08-08 10:42:03.735000+00:00
3,VNTP0CzofVrvySlOGlTMLmS9RwA=,17841413694138154,2022-07-31,0,0.0,0,0,0,0,0,4,13,169,2,8,111,2022-08-08 10:42:03.741000+00:00
4,TWdbzyVHl+GBYGruvdU392pnYPk=,17841413694138154,2022-07-24,0,0.0,0,0,1,0,0,4,140,257,1,92,104,2022-08-08 10:42:03.738000+00:00
5,n0/fPlXJmgzVwusTipSDd9KHtiU=,17841413694138154,2022-07-17,0,0.0,0,0,0,0,0,0,4,119,0,4,14,2022-08-08 10:42:03.736000+00:00
6,DqNnYt71m2rXCqyClpEv1T1bQt4=,17841413694138154,2022-07-27,0,0.0,0,0,0,0,0,2,45,260,1,34,106,2022-08-08 10:42:03.739000+00:00
7,LlaMhgVX1pt2ROon1l3Is4YeoG0=,17841413694138154,2022-07-14,0,0.0,0,0,0,0,0,1,7,120,1,7,14,2022-08-08 10:42:03.734000+00:00
8,4CHQ5TtQKYC7bCbdW3x31SzD/pA=,17841413694138154,2022-07-28,0,0.0,0,0,0,0,0,0,18,159,0,13,105,2022-08-08 10:42:03.740000+00:00
9,q4ZsnaiBJQ0ajH1VBe12jKX1m7E=,17841413694138154,2022-07-16,0,1.0,0,0,0,0,0,1,5,119,1,5,14,2022-08-08 10:42:03.736000+00:00
10,vxIO3MVdJxKtxUa60BfppI/sH9U=,17841413694138154,2022-08-01,0,0.0,0,0,0,0,0,0,13,169,0,8,111,2022-08-08 10:42:03.741000+00:00
11,QUaFQIviqQcMMISbg1wUVTOqoB0=,17841413694138154,2022-08-04,0,0.0,0,0,3,0,0,13,50,201,1,8,109,2022-08-08 10:42:03.742000+00:00
12,sdFpaBljI871AydFww9Z3qbATsA=,17841413694138154,2022-07-12,0,2.0,0,0,0,0,0,0,11,117,0,6,11,2022-08-08 10:42:03.733000+00:00
13,szonOaUY3J/GTzuKvL2iy4766MQ=,17841413694138154,2022-07-10,0,1.0,0,0,0,0,0,1,12,118,1,7,12,2022-08-08 10:42:03.733000+00:00
14,A2ImuFsbSTxvAmlSwkFOuCaso4c=,17841413694138154,2022-07-19,0,0.0,0,0,1,0,0,48,81,195,45,68,77,2022-08-08 10:42:03.737000+00:00
15,RVayB97N+XkU4Fc7160age7UBPo=,17841413694138154,2022-07-22,0,0.0,0,0,0,0,0,9,135,252,8,91,103,2022-08-08 10:42:03.738000+00:00
16,nZuNR/SE0q8tUpdi8ZPMB1FSn3E=,17841413694138154,2022-08-03,0,0.0,0,0,0,0,0,0,37,190,0,8,110,2022-08-08 10:42:03.742000+00:00
17,zOaTi2CPjmzOCC++94W4ML7TjLw=,17841413694138154,2022-07-09,0,0.0,0,0,0,0,0,3,11,117,3,6,11,2022-08-08 10:42:03.732000+00:00
18,0Gacd1a2xEA4WyOQA5/URmC52fw=,17841413694138154,2022-07-13,0,0.0,0,0,0,0,0,2,8,119,2,7,13,2022-08-08 10:42:03.734000+00:00
19,o3k5j8UJVMtQz+x/InG+N4ITxLI=,17841413694138154,2022-07-29,0,1.0,0,0,0,0,0,0,9,159,0,5,105,2022-08-08 10:42:03.740000+00:00
20,YLUndALpYjoeDzXQyP8qsVJ6U8U=,17841413694138154,2022-07-23,0,0.0,0,0,0,0,0,2,136,253,2,91,103,2022-08-08 10:42:03.738000+00:00
21,lI914BNN4bDb6Z6AvwuYg+TF9+c=,17841413694138154,2022-07-21,0,0.0,0,0,0,0,0,27,126,243,23,86,98,2022-08-08 10:42:03.737000+00:00
22,sgJ9cWXqMaL6C6B2F4oceEqdbJU=,17841413694138154,2022-07-26,0,0.0,0,0,0,0,0,1,64,258,1,41,105,2022-08-08 10:42:03.739000+00:00
23,0I6uxAWdN5b3pnHzBrdz1F2jLoQ=,17841413694138154,2022-07-20,0,0.0,0,0,0,0,0,21,100,216,15,72,83,2022-08-08 10:42:03.737000+00:00
24,ypApo/VjuQVageZiyfx1wyBp4O0=,17841413694138154,2022-07-25,0,1.0,0,0,0,0,0,0,111,257,0,78,104,2022-08-08 10:42:03.739000+00:00
25,nNo/zB5aRv9H0efr/z61WVZ1ocE=,17841413694138154,2022-07-18,0,0.0,0,0,0,0,0,29,33,147,25,29,38,2022-08-08 10:42:03.736000+00:00
26,CK1yXU8moYxJmvw3qRtuvr6QoEo=,17841413694138154,2022-07-11,0,0.0,0,0,0,0,0,0,12,117,0,7,11,2022-08-08 10:42:03.733000+00:00
27,a437kEqcL/H2WHMzQkWSB6WyXHQ=,17841413694138154,2022-08-06,0,0.0,0,0,0,0,0,0,47,201,0,4,107,2022-08-08 10:42:03.743000+00:00
28,cCP5INJLcREmy3d2BMQHPCGmjyo=,17841413694138154,2022-08-02,0,0.0,0,0,1,0,0,27,39,195,1,9,111,2022-08-08 10:42:03.741000+00:00
29,NwroUpJdykpetxw93vfhOtkvcW8=,17841413694138154,2022-05-23,0,,0,0,0,0,0,0,68,238,0,33,81,2022-08-08 10:43:22.537000+00:00
30,OP2gPbrvVJzx9zefQUCVChW+yYo=,17841413694138154,2022-02-21,0,,0,0,1,0,0,3,29,73,1,24,44,2022-08-08 10:43:28.241000+00:00
31,t9CRfPtndlPXGOJ0aKY87ionKR4=,17841413694138154,2022-02-27,0,,0,0,0,0,0,0,12,59,0,4,37,2022-08-08 10:43:28.243000+00:00
32,cuZcbak9XE2qx8CGNNOBwoauzhs=,17841413694138154,2022-05-08,0,,0,0,0,0,0,0,15,171,0,11,74,2022-08-08 10:43:24.428000+00:00
33,z/TbmFgRSwEp1Y0BlB3XGum0yws=,17841413694138154,2022-06-09,0,,0,0,1,0,0,0,1,113,0,1,53,2022-08-08 10:43:20.397000+00:00
34,K6F/qJpMmYN1s55PW2TkcSU/veA=,17841413694138154,2022-05-19,0,,0,0,3,0,0,20,99,262,11,45,86,2022-08-08 10:43:22.535000+00:00
35,RyFkoXRrFwhGtxkZWGSKLBHev+A=,17841413694138154,2022-05-01,0,,0,0,0,0,0,8,75,186,8,38,81,2022-08-08 10:43:24.426000+00:00
36,omuFOSOC/TaxbGcUZb8Ozr8oPIE=,17841413694138154,2022-05-07,0,,0,0,0,0,0,1,23,171,1,18,74,2022-08-08 10:43:24.428000+00:00
37,dESCsqKGO3UQcxG3llkqH6MX8SM=,17841413694138154,2022-06-28,0,,0,0,0,0,0,0,1,6,0,1,5,2022-08-08 10:43:20.405000+00:00
38,ZWuICN5bW/MjtCksj2/RtQxcijI=,17841413694138154,2022-03-09,0,,0,0,0,0,0,0,19,82,0,8,47,2022-08-08 10:43:28.245000+00:00
39,UKd2TrYYQuAqirSSzHL960LjJto=,17841413694138154,2022-05-29,0,,0,0,0,0,0,0,10,199,0,5,74,2022-08-08 10:43:22.539000+00:00
40,GxWoiwl1yynIokAOAeQ7fKU7B3Y=,17841413694138154,2022-03-29,0,,0,0,0,0,0,3,47,81,3,47,64,2022-08-08 10:43:26.271000+00:00
41,LP9q98FJ6LBuOEvuPaSSz+xL+yQ=,17841413694138154,2022-05-27,0,,0,0,0,0,0,0,4,205,0,4,78,2022-08-08 10:43:22.538000+00:00
42,z+YmBlE0bBBREtkv2KcieDYCyb0=,17841413694138154,2022-06-26,0,,0,0,0,0,0,0,2,7,0,2,6,2022-08-08 10:43:20.404000+00:00
43,pkjwnFpHVRecsdfu1qkIPcx1LhI=,17841413694138154,2022-02-23,0,,0,0,0,0,0,0,13,77,0,7,45,2022-08-08 10:43:28.242000+00:00
44,izAZqjQk7Gt9Yg9+X25wnnCtFCA=,17841413694138154,2022-02-12,0,,0,0,0,0,0,0,3,41,0,2,30,2022-08-08 10:43:28.238000+00:00
45,BRWY4LRpJvP91MYRSGAPn3UFH18=,17841413694138154,2022-02-14,0,,0,0,0,0,0,14,17,51,14,16,36,2022-08-08 10:43:28.239000+00:00
46,2PlrkZ65YBWvij121IPXWbXi2To=,17841413694138154,2022-06-05,0,,0,0,0,0,0,0,1,185,0,1,70,2022-08-08 10:43:22.542000+00:00
47,4SinhnE8+tsgpu0ZPOXi1SanKQA=,17841413694138154,2022-04-26,0,,0,0,1,0,0,2,29,176,2,23,92,2022-08-08 10:43:24.424000+00:00
48,PqJIg3tmjfMqt34L63hh+ZtSimo=,17841413694138154,2022-04-22,0,,0,0,0,0,0,0,3,194,0,3,113,2022-08-08 10:43:24.422000+00:00
49,1ie2610+FXPjVG2sNn7CwjdcXuU=,17841413694138154,2022-03-20,0,,0,0,1,0,0,0,5,46,0,4,26,2022-08-08 10:43:26.269000+00:00
50,6JbYpBWRzp0nr3ux9KDyAfb9Ihs=,17841413694138154,2022-04-25,0,,0,0,0,0,0,26,27,177,20,21,93,2022-08-08 10:43:24.423000+00:00
51,tEcv8VkMyGtTdnvMVQSZNzLn7/k=,17841413694138154,2022-06-20,0,,0,0,0,0,0,1,3,16,1,2,10,2022-08-08 10:43:20.401000+00:00
52,a2XMqovAz2azcTlgiAIk6liNvr4=,17841413694138154,2022-05-21,0,,0,0,0,0,0,0,101,264,0,46,87,2022-08-08 10:43:22.536000+00:00
53,BVCbJO9wdcVPuAqjKw/2nFAr2KM=,17841413694138154,2022-05-18,0,,0,0,22,0,1,38,81,243,17,36,77,2022-08-08 10:43:22.534000+00:00
54,H0XRSeXZSrUuroHvwhitLdkA/Mw=,17841413694138154,2022-06-04,0,,0,0,0,0,0,0,1,185,0,1,70,2022-08-08 10:43:22.541000+00:00
55,zhqKKKRFCIipokL4Gw/YYHOUGDg=,17841413694138154,2022-06-14,0,,0,0,0,0,0,0,1,73,0,1,37,2022-08-08 10:43:20.399000+00:00
56,AvOLOMtgY3iiQMl58h+uwM5L5A8=,17841413694138154,2022-05-15,0,,0,0,1,0,0,1,74,166,1,31,59,2022-08-08 10:43:22.533000+00:00
57,z+fDnDbVq2uzq9f856HI/bW8IJ8=,17841413694138154,2022-02-25,0,,0,0,0,0,0,4,14,66,1,5,39,2022-08-08 10:43:28.242000+00:00
58,E6qRTF4+P1TVDqfytonGjfXHh4w=,17841413694138154,2022-03-27,0,,0,0,0,0,0,0,1,35,0,1,23,2022-08-08 10:43:26.271000+00:00
59,tQtNgGY1ikF8x+r6fh9XQc8K7c4=,17841413694138154,2022-02-10,0,,0,0,0,0,0,1,4,41,1,3,30,2022-08-08 10:43:28.237000+00:00
60,Kh05WLmLhA0/9DX9NdrDYJRj7rA=,17841413694138154,2022-03-01,0,,0,0,0,0,0,0,5,56,0,2,35,2022-08-08 10:43:28.243000+00:00
61,VkG/HlDVfRLkyIg8UuiCKL2N95E=,17841413694138154,2022-06-17,0,,0,0,2,0,0,2,3,15,1,2,9,2022-08-08 10:43:20.400000+00:00
62,BkcgU69g4i8C2fcT/wlPbQTFxAE=,17841413694138154,2022-03-23,0,,0,0,0,0,0,0,2,39,0,2,24,2022-08-08 10:43:26.270000+00:00
63,7G0QyOvYfnQnRQJ+0sE4z1LCJlQ=,17841413694138154,2022-06-10,0,,0,0,0,0,0,0,1,113,0,1,53,2022-08-08 10:43:20.397000+00:00
64,vg+R3tQzE2kuunCbT8P6gjEq35Y=,17841413694138154,2022-03-22,0,,0,0,0,0,0,0,3,39,0,3,24,2022-08-08 10:43:26.270000+00:00
65,g2MH5YFYA0RNu3v3M9mtllzkEJo=,17841413694138154,2022-03-06,0,,0,0,0,0,0,0,20,75,0,16,46,2022-08-08 10:43:28.244000+00:00
66,9YpBc63JFkCU1H7Of/PWRQLAQOs=,17841413694138154,2022-05-13,0,,0,0,0,0,0,0,74,166,0,31,59,2022-08-08 10:43:22.533000+00:00
67,3wSxOOnzhiVQlETILk09cfJSC6o=,17841413694138154,2022-06-15,0,,0,0,0,0,0,0,1,35,0,1,20,2022-08-08 10:43:20.399000+00:00
68,R62DBF79NFZ+zf8tZBWh6Vw21ic=,17841413694138154,2022-05-02,0,,0,0,0,0,0,6,55,169,6,28,73,2022-08-08 10:43:24.426000+00:00
69,mYX63RJtDHPFeDMtPS3tYu77PSQ=,17841413694138154,2022-03-24,0,,0,0,0,0,0,0,2,38,0,2,23,2022-08-08 10:43:26.270000+00:00
70,KICcbQ2v5cTJHW9gxH2+p4AxWgg=,17841413694138154,2022-06-23,0,,0,0,0,0,0,0,3,12,0,2,6,2022-08-08 10:43:20.403000+00:00
71,i9GaXRQXLmpQsCWM6tpdzJA9imY=,17841413694138154,2022-05-17,0,,0,0,1,0,0,8,47,205,4,22,61,2022-08-08 10:43:22.534000+00:00
72,5j3srX81IFwxYlQsHX5KNEOYLh8=,17841413694138154,2022-06-25,0,,0,0,0,0,0,1,2,7,1,2,6,2022-08-08 10:43:20.404000+00:00
73,+VaekhRi0r1h5wQc+Qp18PdvMTM=,17841413694138154,2022-06-21,0,,0,0,0,0,0,0,3,13,0,2,7,2022-08-08 10:43:20.402000+00:00
74,Fw9kueAota4dHBKemv+NVjsqbBE=,17841413694138154,2022-03-11,0,,0,0,0,0,0,0,10,81,0,3,46,2022-08-08 10:43:26.267000+00:00
75,DznpjZBmL1gWYIu9x1MqEeeo69I=,17841413694138154,2022-04-19,0,,0,0,0,0,0,0,9,194,0,7,113,2022-08-08 10:43:24.421000+00:00
76,CGXVhZ78GLIHZI/9mgrs3Ni3G+A=,17841413694138154,2022-06-07,0,,0,0,0,0,0,0,1,119,0,1,57,2022-08-08 10:43:22.542000+00:00
77,I9Cw47PLeos0o/3rvIg1bmWrD7I=,17841413694138154,2022-04-11,0,,0,0,0,0,0,25,32,142,14,19,96,2022-08-08 10:43:24.418000+00:00
78,ahQD+sDlqY/EZOXj+47aGEwmAzw=,17841413694138154,2022-02-17,0,,0,0,0,0,0,4,38,74,4,28,47,2022-08-08 10:43:28.240000+00:00
79,h/grBybq9IwlM1dphw/mVpBj5Sw=,17841413694138154,2022-05-30,0,,0,0,0,0,0,1,11,194,1,6,73,2022-08-08 10:43:22.539000+00:00
80,SN6WsICwSH2JhR1VJCvoAKaxgyk=,17841413694138154,2022-04-03,0,,0,0,0,0,0,12,83,98,12,76,83,2022-08-08 10:43:26.273000+00:00
81,bOez4COuDh/N1yf0bcRuKhauvLA=,17841413694138154,2022-04-14,0,,0,0,0,0,0,1,79,194,1,41,113,2022-08-08 10:43:24.419000+00:00
82,aBOB8ECoXNkFbtYA2g+CV5rGnk4=,17841413694138154,2022-04-17,0,,0,0,0,0,0,1,79,193,1,41,112,2022-08-08 10:43:24.420000+00:00
83,vpLW7FDqy57T4Q+5paahyW7sBaY=,17841413694138154,2022-04-12,0,,0,0,0,0,0,46,75,188,31,41,113,2022-08-08 10:43:24.419000+00:00
84,HbJ5frgj4OjopcrK90WrhZjOa9s=,17841413694138154,2022-03-30,0,,0,0,0,0,0,1,48,72,1,48,60,2022-08-08 10:43:26.272000+00:00
85,McV41n+q54ZX3IgxH9lRQTTbTx0=,17841413694138154,2022-07-01,0,,0,0,0,0,0,0,102,107,0,2,6,2022-08-08 10:43:20.406000+00:00
86,ahCJhFJlIBdbqLqLIQMAS8uh6zU=,17841413694138154,2022-07-05,0,,0,0,0,0,0,1,102,107,1,2,6,2022-08-08 10:43:20.407000+00:00
87,UB7TMHyF542B2zXu/jXwob0KqQw=,17841413694138154,2022-03-04,0,,0,0,0,0,0,3,19,75,3,15,45,2022-08-08 10:43:28.244000+00:00
88,R5Poh+d2e89D5Ljj/MMbmhGKcs4=,17841413694138154,2022-02-24,0,,0,0,0,0,0,1,10,77,1,4,45,2022-08-08 10:43:28.242000+00:00
89,HbCu8Jm2MQwfvs6fb++KYmDBDRo=,17841413694138154,2022-06-11,0,,0,0,0,0,0,0,1,113,0,1,53,2022-08-08 10:43:20.398000+00:00
90,aPAeir410cRdGibF2lbTtIuPICI=,17841413694138154,2022-04-28,0,,0,0,0,0,0,1,30,176,1,24,92,2022-08-08 10:43:24.425000+00:00
91,degutXWes+jHGHb5eV1JT1s3oBQ=,17841413694138154,2022-06-01,0,,0,0,0,0,0,0,7,192,0,2,72,2022-08-08 10:43:22.540000+00:00
92,yghgh2wavp9EoMT46LqvKbLtWv8=,17841413694138154,2022-04-23,0,,0,0,0,0,0,0,3,194,0,3,113,2022-08-08 10:43:24.423000+00:00
93,I2JUtAO5VjF45UoMV0IkJHsYgrI=,17841413694138154,2022-04-29,0,,0,0,4,0,0,33,63,209,12,32,100,2022-08-08 10:43:24.425000+00:00
94,Yi3jp9KgbedmnU8sTXsh8jMtH5Q=,17841413694138154,2022-02-22,0,,0,0,1,0,0,4,16,77,1,10,45,2022-08-08 10:43:28.241000+00:00
95,PMAtZi0/o2c1yJ6O+sTxGU3TI9k=,17841413694138154,2022-04-01,0,,0,0,0,0,0,0,48,64,0,48,56,2022-08-08 10:43:26.272000+00:00
96,+UvFyT9OEAFup3k77eakGxfSVE0=,17841413694138154,2022-03-03,0,,0,0,0,0,0,6,20,72,3,14,43,2022-08-08 10:43:28.244000+00:00
97,HMs2gs2PxWZhIAY0hlS1eCvs1NA=,17841413694138154,2022-06-12,0,,0,0,0,0,0,0,1,112,0,1,52,2022-08-08 10:43:20.398000+00:00
98,ad38mYjwWtXOYPPzYB9xxu0UAS8=,17841413694138154,2022-03-26,0,,0,0,0,0,0,0,1,35,0,1,23,2022-08-08 10:43:26.271000+00:00
99,/bkWQo2AFoDnvlmz0CumsrMObWY=,17841413694138154,2022-04-13,0,,0,0,0,0,0,6,80,193,4,43,113,2022-08-08 10:43:24.419000+00:00
100,R6KfRRErGJcMFHYvUkq3sgTU1ME=,17841413694138154,2022-05-14,0,,0,0,0,0,0,0,73,166,0,30,59,2022-08-08 10:43:22.533000+00:00
101,jtOFh6zkXtXIo8PLtFNLYYLPPCc=,17841413694138154,2022-04-07,0,,0,0,0,0,0,2,64,118,2,54,92,2022-08-08 10:43:26.274000+00:00
102,vEt0RzqSeluVduyGa69/hh9zB5s=,17841413694138154,2022-06-19,0,,0,0,0,0,0,0,3,15,0,2,9,2022-08-08 10:43:20.401000+00:00
103,K9hw+Rd1GFIlrU20cz815K5f9hA=,17841413694138154,2022-03-17,0,,0,0,0,0,0,0,3,46,0,2,25,2022-08-08 10:43:26.268000+00:00
104,Lug6uOSv28mSHEkxTDMXdSYilS4=,17841413694138154,2022-06-06,0,,0,0,0,0,0,1,1,142,1,1,66,2022-08-08 10:43:22.542000+00:00
105,hbO3SNS7DWnnSRvA1ZnzF3tG4cA=,17841413694138154,2022-03-05,0,,0,0,0,0,0,1,20,75,1,16,46,2022-08-08 10:43:28.244000+00:00
106,baaPxh9BAHeBkkGwKN6qI3RlHPA=,17841413694138154,2022-02-20,0,,0,0,0,0,0,2,40,73,1,29,45,2022-08-08 10:43:28.241000+00:00
107,bdRmXGPNnrplmOxL5Ds88by4S3g=,17841413694138154,2022-05-16,0,,0,0,0,0,0,32,62,197,14,28,60,2022-08-08 10:43:22.534000+00:00
108,93ZpuhJKlTnjKq5KQvgUmcZjAZU=,17841413694138154,2022-03-14,0,,0,0,0,0,0,2,11,69,1,3,41,2022-08-08 10:43:26.268000+00:00
109,M/Ymuhiliqr5y5UMZzV4f/KzrhQ=,17841413694138154,2022-06-27,0,,0,0,1,0,0,0,1,6,0,1,5,2022-08-08 10:43:20.404000+00:00
110,F1v4HhTjYcey1e1QJhJ0cXoYvc4=,17841413694138154,2022-06-18,0,,0,0,0,0,0,0,3,15,0,2,9,2022-08-08 10:43:20.400000+00:00
111,jXLHt9wj4GtwEcONEXKCZbBNou0=,17841413694138154,2022-03-15,0,,0,0,0,0,0,0,2,52,0,1,28,2022-08-08 10:43:26.268000+00:00
112,PmZY1Q/yfqSBZgw+ya6w3pClNxw=,17841413694138154,2022-04-08,0,,0,0,0,0,0,1,65,119,1,55,93,2022-08-08 10:43:26.274000+00:00
113,cSFZU0hCZa7A+TagPzwKF1VQvgM=,17841413694138154,2022-05-10,0,,0,0,3,0,0,23,74,167,16,29,61,2022-08-08 10:43:22.531000+00:00
114,2voKn/2ZqOjs43aIqD77KxeJbUo=,17841413694138154,2022-03-16,0,,0,0,0,0,0,1,3,50,1,2,28,2022-08-08 10:43:26.268000+00:00
115,zBdewWOMW3BEnT90wQUZZyWeXaI=,17841413694138154,2022-04-20,0,,0,0,0,0,0,0,3,194,0,3,113,2022-08-08 10:43:24.422000+00:00
116,BI+Kq2q7CXuV744qus67CcmRk3s=,17841413694138154,2022-05-11,0,,0,0,1,0,0,4,78,165,4,31,59,2022-08-08 10:43:22.532000+00:00
117,cGv8T/87Q/YWAVSt5Vt6UlXM6jU=,17841413694138154,2022-04-30,0,,0,0,1,0,0,4,67,190,3,34,89,2022-08-08 10:43:24.425000+00:00
118,cKd6Yy4MHBpNZ3Am+PnDrxwHpGc=,17841413694138154,2022-02-11,0,,0,0,0,0,0,0,4,41,0,3,30,2022-08-08 10:43:28.237000+00:00
119,F6L/dIRFZ6z3dxrmdYPI65L/iw8=,17841413694138154,2022-06-03,0,,0,0,0,0,0,0,7,186,0,2,71,2022-08-08 10:43:22.541000+00:00
120,qyhd258qv5XyY6rfejo/cHlzvoY=,17841413694138154,2022-02-15,0,,0,0,1,0,0,17,34,68,15,27,45,2022-08-08 10:43:28.239000+00:00
121,HgK1GKh8DLxqOUelEVw8F5R6Syo=,17841413694138154,2022-05-12,0,,0,0,0,0,0,2,80,166,2,32,59,2022-08-08 10:43:22.532000+00:00
122,HbRGnXZGweH3HjYE9OVCmoW9K6U=,17841413694138154,2022-04-16,0,,0,0,0,0,0,0,78,192,0,40,111,2022-08-08 10:43:24.420000+00:00
123,eEjPdEkpnEdyO4ttMdT/ak/TAts=,17841413694138154,2022-03-07,0,,0,0,0,0,0,0,20,75,0,16,46,2022-08-08 10:43:28.245000+00:00
124,lft52o/3ADRRPhCTmE6ABp0Pbec=,17841413694138154,2022-02-28,0,,0,0,0,0,0,0,9,58,0,3,36,2022-08-08 10:43:28.243000+00:00
125,yBQHbVQqcfWXIToYqyUiKeYe0N0=,17841413694138154,2022-04-10,0,,0,0,0,0,0,0,30,119,0,29,93,2022-08-08 10:43:24.418000+00:00
126,iPBMMvWkKz+nhy6pacO6IQyzPW0=,17841413694138154,2022-03-21,0,,0,0,1,0,0,0,3,43,0,3,25,2022-08-08 10:43:26.269000+00:00
127,1Kmt3zBU6Aqff15ZL0P4hTpsQPk=,17841413694138154,2022-06-13,0,,0,0,1,0,0,1,1,81,1,1,41,2022-08-08 10:43:20.398000+00:00
128,22fw2zUMZAWeUvIXk/9lMHHmJuw=,17841413694138154,2022-02-26,0,,0,0,0,0,0,0,14,64,0,5,38,2022-08-08 10:43:28.242000+00:00
129,aU1lTAqwSGaAhhZtZC7+a2lmXvI=,17841413694138154,2022-06-30,0,,0,0,2,0,0,101,102,107,1,2,6,2022-08-08 10:43:20.406000+00:00
130,7y++2qvJJCweLh7g2Y47LiPLUnw=,17841413694138154,2022-07-03,0,,0,0,1,0,0,0,101,107,0,1,6,2022-08-08 10:43:20.407000+00:00
131,vIAykX8Rta9o0ZeW8LC6XtsYUrM=,17841413694138154,2022-05-22,0,,0,0,0,0,0,0,100,264,0,45,87,2022-08-08 10:43:22.536000+00:00
132,IfGezpZCyfPFskRHQDlumgFLoyk=,17841413694138154,2022-05-03,0,,0,0,3,0,0,2,55,168,2,27,74,2022-08-08 10:43:24.426000+00:00
133,jOFAiBWQOZkJ9EXmBVgLWZe3HA4=,17841413694138154,2022-04-02,0,,0,0,0,0,0,23,71,86,22,64,71,2022-08-08 10:43:26.272000+00:00
134,w/WyP7zylObfxdsNZrfjU9YOEuw=,17841413694138154,2022-04-18,0,,0,0,0,0,0,1,55,194,1,37,113,2022-08-08 10:43:24.421000+00:00
135,6v8XaVA80eKKRDuLjwhcL9FnUik=,17841413694138154,2022-07-06,0,,0,0,0,0,0,5,107,112,1,3,7,2022-08-08 10:43:20.408000+00:00
136,H790XqhkHdUEZ+oTL08+HKIosJY=,17841413694138154,2022-04-04,0,,0,0,0,0,0,23,63,121,22,53,91,2022-08-08 10:43:26.273000+00:00
137,JEqABiu/K8zrRXhppH7CIEsFlGk=,17841413694138154,2022-07-02,0,,0,0,1,0,0,0,101,107,0,1,6,2022-08-08 10:43:20.406000+00:00
138,Qh/DVIuj910pgExFtVdHY0vwbp4=,17841413694138154,2022-03-12,0,,0,0,0,0,0,0,9,81,0,2,46,2022-08-08 10:43:26.267000+00:00
139,BrE++QstOU5pCa2FKsx6IKi7Zos=,17841413694138154,2022-05-24,0,,0,0,2,0,0,3,63,239,3,32,84,2022-08-08 10:43:22.537000+00:00
140,V40k/FK/M3h625zOlYLPazS5yUo=,17841413694138154,2022-06-24,0,,0,0,0,0,0,0,1,12,0,1,6,2022-08-08 10:43:20.403000+00:00
141,q1I10U0urMDhNbAh8QWUSpYCN/s=,17841413694138154,2022-05-28,0,,0,0,2,0,0,6,10,207,1,5,78,2022-08-08 10:43:22.539000+00:00
142,NKrfdOtF09+hLa7Vfk0CQ+Zlrlg=,17841413694138154,2022-03-25,0,,0,0,0,0,0,1,2,35,1,2,23,2022-08-08 10:43:26.270000+00:00
143,SkqadTC/iG0ulAS9eXBEMY4sHQg=,17841413694138154,2022-03-18,0,,0,0,0,0,0,1,4,47,1,3,26,2022-08-08 10:43:26.269000+00:00
144,FYWgyeQySbTW2mW1fHHkUiOnQcE=,17841413694138154,2022-06-22,0,,0,0,1,0,0,0,3,12,0,2,6,2022-08-08 10:43:20.402000+00:00
145,ZMRIMdNrxyfZSY1+7zLvuR5vrUw=,17841413694138154,2022-07-07,0,,0,0,1,0,0,2,8,114,1,3,8,2022-08-08 10:43:20.408000+00:00
146,9BArWdxxgNxqX69RjsMjImYFpIo=,17841413694138154,2022-03-31,0,,0,0,0,0,0,1,49,67,1,49,59,2022-08-08 10:43:26.272000+00:00
147,6LPYUyTeT4s9INTmzjaEWHoJ0Ig=,17841413694138154,2022-05-05,0,,0,0,3,0,0,0,53,165,0,25,72,2022-08-08 10:43:24.427000+00:00
148,dwE8jsTB8JaSp9Nu8u0RsqgjjEU=,17841413694138154,2022-03-19,0,,0,0,0,0,0,1,5,48,1,4,27,2022-08-08 10:43:26.269000+00:00
149,vI0eTNVyRwHxKsncON8iYoakj+s=,17841413694138154,2022-05-20,0,,0,0,1,0,0,2,101,264,1,46,87,2022-08-08 10:43:22.535000+00:00
150,n0ZGwJ/jvfcl+pZFBKqLLjY9D6g=,17841413694138154,2022-04-21,0,,0,0,1,0,0,1,3,195,1,3,114,2022-08-08 10:43:24.422000+00:00
151,0La155FGL1gRkEGc1tp2T9mTjTQ=,17841413694138154,2022-04-27,0,,0,0,0,0,0,1,30,176,1,24,92,2022-08-08 10:43:24.424000+00:00
152,ziolyQhcStpoWknv82u9/5zHOjQ=,17841413694138154,2022-02-18,0,,0,0,0,0,0,0,38,74,0,28,47,2022-08-08 10:43:28.240000+00:00
153,rhEpVfnF0VHbwx0Rk+ygijQjIRE=,17841413694138154,2022-07-04,0,,0,0,0,0,0,0,101,106,0,1,5,2022-08-08 10:43:20.407000+00:00
154,rl9PiNQNX69s+71/p+JyQjhPVdg=,17841413694138154,2022-04-15,0,,0,0,0,0,0,0,78,193,0,40,112,2022-08-08 10:43:24.420000+00:00
155,0Oae7USXciPBZb+y633jH8AUBcw=,17841413694138154,2022-04-24,0,,0,0,0,0,0,0,2,194,0,2,113,2022-08-08 10:43:24.423000+00:00
156,lXIvqRmQn27KqqhVvLei4bCm0ZQ=,17841413694138154,2022-05-06,0,,0,0,4,0,1,6,26,170,2,19,73,2022-08-08 10:43:24.427000+00:00
157,YRxXXeNUxpZPb8P0/5ZAri5hEl4=,17841413694138154,2022-05-26,0,,0,0,0,0,0,0,6,238,0,5,84,2022-08-08 10:43:22.538000+00:00
158,Kiovq8372pYwYGDHxuxsm3TZKOY=,17841413694138154,2022-04-06,0,,0,0,1,0,0,1,63,116,1,53,90,2022-08-08 10:43:26.273000+00:00
159,1WjT8JIdCfNSG2B1s7e13LiXPuU=,17841413694138154,2022-04-05,0,,0,0,0,0,0,3,63,115,3,52,90,2022-08-08 10:43:26.273000+00:00
160,URJNETUGZh1IzxyZmViIlI1tMH4=,17841413694138154,2022-02-13,0,,0,0,0,0,0,0,3,37,0,2,28,2022-08-08 10:43:28.238000+00:00
161,T0jYGtuuv9QdIqEbx1oG5OauNZw=,17841413694138154,2022-03-13,0,,0,0,0,0,0,0,9,81,0,2,46,2022-08-08 10:43:26.267000+00:00
162,D1E978X2mY8GHMhlblKfg/8v2nk=,17841413694138154,2022-05-31,0,,0,0,0,0,0,0,8,192,0,3,72,2022-08-08 10:43:22.540000+00:00
163,hxdyevk+eEN+C8Cx6vHhoo7GSSk=,17841413694138154,2022-06-16,0,,0,0,0,0,0,0,1,15,0,1,9,2022-08-08 10:43:20.400000+00:00
164,IHgskN8BKVDW+r6lkYKc1pKBao4=,17841413694138154,2022-06-02,0,,0,0,0,0,0,0,7,192,0,2,72,2022-08-08 10:43:22.540000+00:00
165,sDiyuzaCVMjF0MAEjf+wvpnrqQo=,17841413694138154,2022-02-08,0,,0,0,0,0,0,0,1,40,0,1,30,2022-08-08 10:43:29.714000+00:00
166,uQgXne9+tG0MNCpcOtSJmhKbPyY=,17841413694138154,2022-03-08,0,,0,0,3,0,0,9,29,84,2,18,48,2022-08-08 10:43:28.245000+00:00
167,sXMg2M0UpogPIdwaGhlM1kXwRUs=,17841413694138154,2022-03-02,0,,0,0,0,0,0,10,15,66,10,12,40,2022-08-08 10:43:28.243000+00:00
168,AMSUh7c9nrYMfXLHgffY9Na8q5A=,17841413694138154,2022-05-04,0,,0,0,0,0,0,0,54,167,0,26,74,2022-08-08 10:43:24.427000+00:00
169,ZMIDBwd9AK7JvANIQkFQjsdU/hk=,17841413694138154,2022-03-28,0,,0,0,0,0,0,43,44,78,43,44,61,2022-08-08 10:43:26.271000+00:00
170,6qVsE7dqkihtRtzgofkMmIqS4+A=,17841413694138154,2022-06-29,0,,0,0,0,0,0,0,1,6,0,1,5,2022-08-08 10:43:20.405000+00:00
171,7vrAx6XWdgkyavzaJxhgyPin9D0=,17841413694138154,2022-02-16,0,,0,0,0,0,0,3,35,71,3,27,46,2022-08-08 10:43:28.240000+00:00
172,BBHkp2s9It2MVyRaI4gB32kDsAA=,17841413694138154,2022-05-25,0,,0,0,0,0,0,1,26,239,1,16,85,2022-08-08 10:43:22.538000+00:00
173,PH+xe8gCOBke31qVpns0qQwfRyc=,17841413694138154,2022-02-19,0,,0,0,0,0,0,0,38,71,0,28,45,2022-08-08 10:43:28.240000+00:00
174,XrKHBsiI5JygE/rxjcE70SypQnk=,17841413694138154,2022-02-09,0,,0,0,0,0,0,2,3,41,1,2,30,2022-08-08 10:43:28.236000+00:00
